{
 "raw": {
  "mean": 0.2331011701110475,
  "std": 0.009991833052447071
 },
 "logit_shift_perfam": {
  "mean": 0.2605711209597757,
  "std": 0.0177116860195026
 },
 "shrink_rate_perfam": {
  "mean": 0.2590342600704144,
  "std": 0.01763642442910515
 },
 "shrink_half_global": {
  "mean": 0.23541311042923482,
  "std": 0.007197171688869681
 }
}