{
 "RESULT_homewin": {
  "n": 17784,
  "model_brier": 0.22955276481274478,
  "base_brier": 0.24541874779624093,
  "skill": 0.015865982983496146,
  "skill_pct": 6.464861843671735
 },
 "GOALS_over2.5": {
  "n": 17784,
  "model_brier": 0.24724503993456395,
  "base_brier": 0.2495440119346393,
  "skill": 0.002298972000075339,
  "skill_pct": 0.9212691509814658
 },
 "CORNERS_h>a": {
  "n": 17784,
  "model_brier": 0.23746798866284752,
  "base_brier": 0.24875860434752545,
  "skill": 0.01129061568467793,
  "skill_pct": 4.538783980675699
 },
 "CORNERS_over9.5": {
  "n": 17784,
  "model_brier": 0.24835645543081547,
  "base_brier": 0.24968125946856332,
  "skill": 0.0013248040377478454,
  "skill_pct": 0.5305981075903087
 },
 "SOT_h>a": {
  "n": 17784,
  "model_brier": 0.22423309578047615,
  "base_brier": 0.2490399268962814,
  "skill": 0.024806831115805256,
  "skill_pct": 9.960985543549668
 },
 "SOT_over8.5": {
  "n": 17784,
  "model_brier": 0.23827176121128654,
  "base_brier": 0.2501744511105539,
  "skill": 0.011902689899267377,
  "skill_pct": 4.757755976451604
 },
 "FOULS_h>a": {
  "n": 17784,
  "model_brier": 0.23140205401329939,
  "base_brier": 0.24670852350580386,
  "skill": 0.01530646949250447,
  "skill_pct": 6.2042726675977145
 },
 "CARDS_over3.5": {
  "n": 17784,
  "model_brier": 0.2303903262478323,
  "base_brier": 0.24223741977095736,
  "skill": 0.011847093523125074,
  "skill_pct": 4.890695060377894
 },
 "CARDS_h>a": {
  "n": 17784,
  "model_brier": 0.21942528194860383,
  "base_brier": 0.22141720855463995,
  "skill": 0.001991926606036115,
  "skill_pct": 0.8996259229528495
 }
}