{
 "RESULT_homewin": {
  "n": 17834,
  "base_rate": 0.43181563306044635,
  "model_brier": 0.22912110617500772,
  "base_brier": 0.2454388383889617,
  "skill": 0.016317732213953967,
  "skill_pct": 6.648390418184051
 },
 "GOALS_over2.5": {
  "n": 17834,
  "base_rate": 0.5232701581249299,
  "model_brier": 0.24966315163069228,
  "base_brier": 0.24957855789867447,
  "skill": -8.45937320178014e-05,
  "skill_pct": -0.03389463130568505
 },
 "CORNERS_h>a": {
  "n": 17834,
  "base_rate": 0.5363911629471796,
  "model_brier": 0.2491952150357539,
  "base_brier": 0.24877238514209823,
  "skill": -0.0004228298936556629,
  "skill_pct": -0.16996657141593244
 },
 "CORNERS_over9.5": {
  "n": 17834,
  "base_rate": 0.5200740159246383,
  "model_brier": 0.25154379953798617,
  "base_brier": 0.24971561739902842,
  "skill": -0.0018281821389577457,
  "skill_pct": -0.7321056480165741
 },
 "SOT_h>a": {
  "n": 17834,
  "base_rate": 0.5322417853538185,
  "model_brier": 0.23466964275325036,
  "base_brier": 0.24908052268974262,
  "skill": 0.01441087993649226,
  "skill_pct": 5.785631000318161
 },
 "SOT_over8.5": {
  "n": 17834,
  "base_rate": 0.49528989570483345,
  "model_brier": 0.23856489664344754,
  "base_brier": 0.25013482886650534,
  "skill": 0.0115699322230578,
  "skill_pct": 4.625478297239672
 },
 "FOULS_h>a": {
  "n": 17834,
  "base_rate": 0.4418526410227655,
  "model_brier": 0.3357005580541738,
  "base_brier": 0.2467143453129583,
  "skill": -0.08898621274121551,
  "skill_pct": -36.06851990237377
 },
 "CARDS_over3.5": {
  "n": 17834,
  "base_rate": 0.5885948188852753,
  "model_brier": 0.23210538827633312,
  "base_brier": 0.24225470432114657,
  "skill": 0.01014931604481345,
  "skill_pct": 4.189522788939917
 },
 "CARDS_h>a": {
  "n": 17834,
  "base_rate": 0.33088482673544917,
  "model_brier": 0.22499936221138267,
  "base_brier": 0.22148363741783197,
  "skill": -0.0035157247935506952,
  "skill_pct": -1.5873519301645889
 }
}