{
 "RESULT_homewin": {
  "n": 17784,
  "base_rate": 0.43162393162393164,
  "model_brier": 0.23217294910914382,
  "base_brier": 0.24541874779624093,
  "skill": 0.013245798687097105,
  "skill_pct": 5.397223645723447
 },
 "GOALS_over2.5": {
  "n": 17784,
  "base_rate": 0.5234480431848852,
  "model_brier": 0.2576496268507705,
  "base_brier": 0.2495440119346393,
  "skill": -0.008105614916131182,
  "skill_pct": -3.248170474334687
 },
 "CORNERS_h>a": {
  "n": 17784,
  "base_rate": 0.5363810166441746,
  "model_brier": 0.2514147707917008,
  "base_brier": 0.24875860434752545,
  "skill": -0.0026561664441753785,
  "skill_pct": -1.0677686712153325
 },
 "CORNERS_over9.5": {
  "n": 17784,
  "base_rate": 0.5200179937022043,
  "model_brier": 0.26406925195911807,
  "base_brier": 0.24968125946856332,
  "skill": -0.014387992490554752,
  "skill_pct": -5.762544021597385
 },
 "SOT_h>a": {
  "n": 17784,
  "base_rate": 0.5323324336482231,
  "model_brier": 0.22846193887884808,
  "base_brier": 0.2490399268962814,
  "skill": 0.020577988017433324,
  "skill_pct": 8.262927263869427
 },
 "SOT_over8.5": {
  "n": 17784,
  "base_rate": 0.49583895636527214,
  "model_brier": 0.2504931588534816,
  "base_brier": 0.2501744511105539,
  "skill": -0.000318707742927693,
  "skill_pct": -0.12739420093175452
 },
 "FOULS_h>a": {
  "n": 17784,
  "base_rate": 0.4419140800719748,
  "model_brier": 0.23293959842311723,
  "base_brier": 0.24670852350580386,
  "skill": 0.013768925082686623,
  "skill_pct": 5.5810496074582145
 },
 "CARDS_over3.5": {
  "n": 17784,
  "base_rate": 0.5891250562303194,
  "model_brier": 0.24237905659933012,
  "base_brier": 0.24223741977095736,
  "skill": -0.00014163682837275982,
  "skill_pct": -0.05847025141973591
 },
 "CARDS_h>a": {
  "n": 17784,
  "base_rate": 0.3306905083220873,
  "model_brier": 0.23042037087830672,
  "base_brier": 0.22141720855463995,
  "skill": -0.009003162323666769,
  "skill_pct": -4.0661529347413055
 },
 "_book_result_brier": 0.21517561785366018
}